Category,Company,Role,Location,Application Link,Date Posted,Open
AI,Fujitsu,Software Development Intern (Summer 2026),"Richardson, TX, US",https://www.indeed.com/viewjob?jk=15189948b5d5651e,2025-09-09,True
AI,FlexGen,Business Development Intern,"Durham, NC, US",https://www.indeed.com/viewjob?jk=5fdc0c9c2a6e3a73,2025-09-09,True
AI,FlexGen,Procurement Intern,"Durham, NC, US",https://www.indeed.com/viewjob?jk=e5e19b734c7fc56f,2025-09-09,True
Software Engineering,Block,Software Engineer Intern (Summer 2026),"San Francisco Bay Area, CA, US",https://www.indeed.com/viewjob?jk=2b1149652f25eaf0,2025-09-09,True
AI,HP,Supply Chain Engineering Internship,"Spring, TX, US",https://www.indeed.com/viewjob?jk=061df8eeb61954a8,2025-09-08,True
AI,HP,Personal Systems Hardware Engineering Internship,"Spring, TX, US",https://www.indeed.com/viewjob?jk=7a590683f0794f76,2025-09-08,True
AI,The Toro Company,Marketing Performance Analytics Intern - The Toro Company,"Bloomington, MN, US",https://www.indeed.com/viewjob?jk=77d912c3fb980d6a,2025-09-08,True
AI,Toyota Research Institute,Machine Learning Intern - Vision-Language-Action Pretraining,"Los Altos, CA, US",https://www.indeed.com/viewjob?jk=9e67b2f85bf2ad3b,2025-09-08,True
AI,Board of Governors of the Federal Reserve System,Summer 2026 Intern – IT Operations Intern (OIG),"Washington, DC, US",https://www.indeed.com/viewjob?jk=1b489ca039b40987,2025-09-08,True
AI,Bose,Embedded Machine Learning Intern – Model Compression & Deployment,"Framingham, MA, US",https://www.indeed.com/viewjob?jk=c1f238f4c0e6d094,2025-09-08,True
AI,Texas Instruments,Information Technology Intern – Security,"Dallas, TX, US",https://www.indeed.com/viewjob?jk=e1dc8c7924d3d73c,2025-09-08,True
AI,FlexGen,Supply Chain Intern,"Durham, NC, US",https://www.indeed.com/viewjob?jk=268974cadd2ba5b9,2025-09-08,True
AI,Musing AI,Hardware Intern - Summer 2026,"Pittsburgh, PA",https://www.linkedin.com/jobs/view/4295592924,2025-09-08,True
AI,Musing AI,LLM / AI Engineer Intern - Summer 2026,"Pittsburgh, PA",https://www.linkedin.com/jobs/view/4295805850,2025-09-08,True
AI,Jobs via Dice,"Internship, Firmware Engineer, AI Hardware (Fall 2025)","Palo Alto, CA",https://www.linkedin.com/jobs/view/4297144953,2025-09-08,True
AI,Symbotic,Intern- Hardware Engineer,"Milpitas, CA",https://www.linkedin.com/jobs/view/4297581247,2025-09-08,True
AI,Lensa,NVIDIA 2026 Internships: Hardware Verification,"Santa Clara, CA",https://www.linkedin.com/jobs/view/4298158088,2025-09-09,True
Software Engineering,Humane,"Software Engineering Intern, Systems (Summer 2026)","San Francisco, CA",https://www.linkedin.com/jobs/view/4297662313,2025-09-09,True
AI,Humane,"Software Engineering Intern, Firmware (Summer 2026)","San Francisco, CA",https://www.linkedin.com/jobs/view/4297669128,2025-09-09,True
AI,HP IQ,"Software Engineering Intern, Firmware (Summer 2026)","San Francisco, CA",https://www.linkedin.com/jobs/view/4297639966,2025-09-09,True
Software Engineering,HP IQ,"Software Engineering Intern, Systems (Summer 2026)","San Francisco, CA",https://www.linkedin.com/jobs/view/4297642747,2025-09-09,True
AI,HP,Personal Systems Hardware Engineering Internship,"Spring, TX",https://www.linkedin.com/jobs/view/4298100906,2025-09-09,True
AI,Jobs via Dice,"Internship, Embedded Systems Software Engineer, AI Platforms (Winter/Spring 2026)","Palo Alto, CA",https://www.linkedin.com/jobs/view/4297852329,2025-09-09,True
AI,Jobs via Dice,"Internship, Robotics Software Engineer, C++ Generalist, Optimus (Winter/Spring 2026)","Palo Alto, CA",https://www.linkedin.com/jobs/view/4297864055,2025-09-09,True
AI,Salesforce,Summer 2025 Intern - Salesforce AI Research,"Palo Alto, CA",https://www.linkedin.com/jobs/view/4298107905,2025-09-09,True
AI,Jobs via Dice,"Internship, Electronic Design Engineer, AI Hardware (Winter/Spring 2026)","Palo Alto, CA",https://www.linkedin.com/jobs/view/4297848549,2025-09-09,True
AI,Jobs via Dice,"Internship, Hardware Design Engineer, Silicon Development, AI Hardware (Winter/Spring 2026)","Palo Alto, CA",https://www.linkedin.com/jobs/view/4297861147,2025-09-09,True
AI,"Subaru of America, Inc.",INTERN - Research & Development (Advanced Driver Assistance System/Subaru Eyesight),"Van Buren, MI, US",https://www.indeed.com/viewjob?jk=8ab91d787668f807,2025-09-08,True
AI,Marvell Technology,Physical Design Engineer Intern - Master's Degree,"Westborough, MA, US",https://www.indeed.com/viewjob?jk=27924b64604244d7,2025-09-08,True
AI,TTM Technologies,2026 Engineering Internship,"Sterling, VA, US",https://www.indeed.com/viewjob?jk=7becf906c4ed2170,2025-09-08,True
AI,TTM Technologies,2026 Engineering Intern,"San Jose, CA, US",https://www.indeed.com/viewjob?jk=0bdbc8ae6cce07f4,2025-09-08,True
AI,Loram,Machine Learning / Artificial Intelligence (AI) Intern,"Hamel, MN, US",https://www.indeed.com/viewjob?jk=fe0bc2236366233f,2025-09-08,True
AI,Volvo Group,Intern: Systems Engineering (Summer 2026),"Greensboro, NC, US",https://www.indeed.com/viewjob?jk=94f6a8957d09916e,2025-09-08,True
AI,Parsons,Engineering Internship Summer 2026,"Herndon, VA, US",https://www.indeed.com/viewjob?jk=105c0120f3611f51,2025-09-08,True
AI,Meta,"Research Scientist Intern, Advanced Display (PhD)","Redmond, WA, US",https://www.indeed.com/viewjob?jk=a93be72f5aea2686,2025-09-07,True
AI,Snowflake,Software Engineer Intern (AI/ML) - Spring 2026,"Menlo Park, CA, US",https://www.indeed.com/viewjob?jk=4c57152cb5678169,2025-09-06,True
AI,Bose Corporation,Automotive Audio Tools Intern,"Framingham, MA",https://www.linkedin.com/jobs/view/4295568708,2025-09-08,True
Software Engineering,Boom Supersonic,Software Engineering Intern,"Denver, CO",https://www.linkedin.com/jobs/view/4297270506,2025-09-08,True
AI,Bose Corporation,Pre-dev Embedded Software Intern,"Framingham, MA",https://www.linkedin.com/jobs/view/4295566781,2025-09-08,True
AI,Aptiv,Autonomous Driving Algorithm Intern,"Troy, MI",https://www.linkedin.com/jobs/view/4297217725,2025-09-07,True
AI,Vatic Labs,Quantitative Researcher (Internship),"New York, United States",https://www.linkedin.com/jobs/view/4297248874,2025-09-07,True
AI,Aptiv,Data Analytics Engineering Intern,"Troy, MI",https://www.linkedin.com/jobs/view/4297226268,2025-09-07,True
AI,Snowflake,Software Engineer Intern (AI/ML) - Spring 2026,"Menlo Park, CA",https://www.linkedin.com/jobs/view/4297683408,2025-09-09,True
AI,Snowflake,Software Engineer Intern (AI/ML) - Spring 2026,"Bellevue, WA",https://www.linkedin.com/jobs/view/4297677781,2025-09-09,True
AI,Bose Corporation,Sensors/DSP Research Engineer Intern,"Framingham, MA",https://www.linkedin.com/jobs/view/4295824072,2025-09-09,True
AI,Bose Corporation,Embedded Machine Learning Intern – Model Compression & Deployment,"Framingham, MA",https://www.linkedin.com/jobs/view/4295819125,2025-09-09,True
AI,C3 AI,Data Science - Intern (Summer 2026),"Redwood City, CA",https://www.linkedin.com/jobs/view/4295811846,2025-09-09,True
Software Engineering,Cisco,Software Engineer I (Intern) United States,"San Jose, CA",https://www.linkedin.com/jobs/view/4298100393,2025-09-09,True
AI,Farm Credit Services of America,Artificial Intelligence - Intern,"Omaha, NE",https://www.linkedin.com/jobs/view/4297850980,2025-09-09,True
AI,Lensa,Technology Intern,"Houston, TX",https://www.linkedin.com/jobs/view/4298159095,2025-09-09,True
AI,The Toro Company,Robotics System Test Intern - The Toro Company,"Frederick, CO",https://www.linkedin.com/jobs/view/4298212778,2025-09-09,True
AI,Waymo,"2026 Summer Intern, PhD, Perception, Computer Vision/Deep Learning","Mountain View, CA, US",https://www.indeed.com/viewjob?jk=c1548c5015c1f1dc,2025-09-08,True
AI,NiSource,Intern IT- Enterprise Architect,"Columbus, OH, US",https://www.indeed.com/viewjob?jk=327dfb6d57d1fd13,2025-09-08,True
AI,Symbotic,Intern- Machine Learning,"Wilmington, MA, US",https://www.indeed.com/viewjob?jk=65736770181ae05a,2025-09-08,True
AI,Salesforce,Summer 2025 Intern - Salesforce AI Research,"Palo Alto, CA, US",https://www.indeed.com/viewjob?jk=14dc90eb23843410,2025-09-08,True
AI,Zebra Technologies,2026 Summer Internship (US) - RFID Hardware Product Management,"Holtsville, NY, US",https://www.indeed.com/viewjob?jk=b49034dad4840051,2025-08-14,True
AI,Symbotic,Intern- Machine Learning,"Wilmington, MA",https://www.linkedin.com/jobs/view/4297588070,2025-09-08,True
AI,Toyota Research Institute,Machine Learning Intern - Vision-Language-Action Pretraining,"Los Altos, CA",https://www.linkedin.com/jobs/view/4297698181,2025-09-09,True
FPGA,General Dynamics Mission Systems,ASIC FPGA Engineer – Intern Conversion,"Scottsdale, AZ, US",https://www.indeed.com/viewjob?jk=16574aac31020957,2025-09-08,True
FPGA,Seagate Technology,FPGA System Developer Intern,"Shakopee, MN, US",https://www.indeed.com/viewjob?jk=8c966b97ab9327e0,2025-09-08,True
FPGA,ursa major,Summer 2026 Electrical Engineering Intern,"Berthoud, CO, US",https://www.indeed.com/viewjob?jk=2fb2954b4d1f10fe,2025-09-08,True
FPGA,ABB,Power Electronics Intern - Spring 2026,"Raleigh, NC, US",https://www.indeed.com/viewjob?jk=428ad86428510d0a,2025-09-08,True
FPGA,MKS Instruments,2026 Summer-Fall FPGA Engineering Co-op,"Rochester, NY, US",https://www.indeed.com/viewjob?jk=ca685fcb0e4c8520,2025-09-08,True
FPGA,Johns Hopkins University Applied Physics Laboratory,2026 Internship - Advanced Sensor Technologies,"Laurel, MD, US",https://www.indeed.com/viewjob?jk=19ae705aeddc0497,2025-09-08,True
FPGA,Nordson,Intern (Firmware),"Minneapolis, MN, US",https://www.indeed.com/viewjob?jk=e98cd045cb93d712,2025-09-07,True
FPGA,MKS Inc.,2026 Summer-Fall FPGA Engineering Co-op,"Rochester, NY",https://www.linkedin.com/jobs/view/4295596310,2025-09-08,True
FPGA,Keysight Technologies,R&D HW Engineer Intern,"Santa Rosa, CA",https://www.linkedin.com/jobs/view/4294723457,2025-09-08,True
FPGA,Lightmatter,Hardware Engineering Internships,"Mountain View, CA",https://www.linkedin.com/jobs/view/4297890627,2025-09-09,True
FPGA,Seagate Technology,FPGA System Developer Intern,"Shakopee, MN",https://www.linkedin.com/jobs/view/4295836458,2025-09-09,True
FPGA,MKS Inc.,2026 Summer-Fall FPGA Engineering Co-op (R15015),"Rochester, NY",https://www.linkedin.com/jobs/view/4297383428,2025-09-09,True
FPGA,Plexus Corp.,Intern - Digital Engineer (Fall 2026),"Neenah, WI",https://www.linkedin.com/jobs/view/4294186243,2025-09-09,True
FPGA,TetraMem - Accelerate The World,US 2026 Hardware - Digital Intern,"San Jose, CA",https://www.linkedin.com/jobs/view/4297889874,2025-09-09,True
FPGA,TetraMem - Accelerate The World,US 2026 Hardware - Analog Intern,"San Jose, CA",https://www.linkedin.com/jobs/view/4297889879,2025-09-09,True
FPGA,Epirus,Hardware Test Engineering Intern,"Torrance, CA",https://www.linkedin.com/jobs/view/4298108086,2025-09-09,True
FPGA,Rambus,Intern Digital RTL,"Alameda County, CA",https://www.linkedin.com/jobs/view/4296245397,2025-09-09,True
FPGA,Rambus,Intern Digital Verification,"Alameda County, CA",https://www.linkedin.com/jobs/view/4296249381,2025-09-09,True
FPGA,Marvell Technology,Physical Design Engineer Intern - Master's Degree,"Westborough, MA",https://www.linkedin.com/jobs/view/4295822624,2025-09-09,True
FPGA,Amazon.com,"ASIC Engineering Internship (Summer 2026), Project Kuiper","Austin, TX, US",https://www.indeed.com/viewjob?jk=2d905cef3adefdd6,2025-09-04,True
FPGA,Amazon.com,"ASIC Engineering Internship (Summer 2026), Project Kuiper","San Diego, CA, US",https://www.indeed.com/viewjob?jk=ab788889eef8f80d,2025-09-04,True
FPGA,Amazon.com,"ASIC Engineering Internship (Summer 2026), Project Kuiper","Redmond, WA, US",https://www.indeed.com/viewjob?jk=49dabb5ee4d23bd0,2025-09-04,True
FPGA,Nubit,Formal Verification R&D Intern,"California, United States",https://www.linkedin.com/jobs/view/4298248974,2025-09-09,True
FPGA,Allegion,Summer Intern- System Test/Validation Engineer,,https://www.linkedin.com/jobs/view/4296623980,2025-09-09,True
FPGA,NXP Semiconductors,AI/ML ASIC Design and Implementation Automation Intern - Summer 2026,"San Diego, CA",https://www.linkedin.com/jobs/view/4297650717,2025-09-09,True
Semiconductors,Thermo Fisher Scientific,Software Development / Engineering Intern,"Hillsboro, OR, US",https://www.indeed.com/viewjob?jk=5217e9b402091f4c,2025-09-08,True
Semiconductors,The Ohio State University,Student Engineering Intern – Nanofabrication and Semiconductor Epitaxy Operations,"Columbus, OH, US",https://www.indeed.com/viewjob?jk=14b0535a2f0a3959,2025-09-08,True
Semiconductors,Keysight Technologies,R&D Software Engineering Internship,"Calabasas, CA, US",https://www.indeed.com/viewjob?jk=f2825e690d2d228e,2025-09-08,True
Semiconductors,Keysight Technologies,R&D Electrical Engineering Intern,"Colorado Springs, CO, US",https://www.indeed.com/viewjob?jk=555dde8dd36349b2,2025-09-08,True
Semiconductors,Keysight Technologies,R&D Software Engineering Internship,"Austin, TX, US",https://www.indeed.com/viewjob?jk=8a723d72459b0e1f,2025-09-08,True
Semiconductors,Linde,Summer 2026 - Engineering Intern,"Indianapolis, IN, US",https://www.indeed.com/viewjob?jk=71bf96d01e3d5bcd,2025-09-08,True
Semiconductors,Legence,Electrical Engineer Intern/Co-op Spring 2026 - CMTA,"Indianapolis, IN, US",https://www.indeed.com/viewjob?jk=ff739c64f45ffef6,2025-09-08,True
Semiconductors,CMTA Consulting Engineers,Electrical Engineer Intern/Co-op Spring 2026 - CMTA,"Indianapolis, IN, US",https://www.indeed.com/viewjob?jk=86b11c0dc4c5ba82,2025-09-08,True
Software Engineering,Keysight Technologies,IT Engineer Intern,"Santa Rosa, CA",https://www.linkedin.com/jobs/view/4294723455,2025-09-08,True
Semiconductors,Nordson Corporation,Intern (Firmware),"Minneapolis, MN",https://www.linkedin.com/jobs/view/4296884126,2025-09-08,True
Software Engineering,Keysight Technologies,IT Engineer Intern,"Colorado Springs, CO",https://www.linkedin.com/jobs/view/4294713627,2025-09-08,True
Semiconductors,"Qorvo, Inc.",Digital Design Engineering Intern,"Greensboro, NC",https://www.linkedin.com/jobs/view/4297620472,2025-09-08,True
Software Engineering,Texas Instruments,Software Engineering Intern,"Dallas, TX",https://www.linkedin.com/jobs/view/4297345526,2025-09-09,True
Semiconductors,Elevate Semiconductor,Application Engineering Intern,"San Diego, CA",https://www.linkedin.com/jobs/view/4297658743,2025-09-09,True
Semiconductors,Keysight Technologies,R&D Software Engineering Internship,"Calabasas, CA",https://www.linkedin.com/jobs/view/4295599696,2025-09-09,True
Semiconductors,Keysight Technologies,R&D Software Engineering Internship,"Austin, TX",https://www.linkedin.com/jobs/view/4295840186,2025-09-09,True
Semiconductors,GE Aerospace,GE Aerospace Research - 2026 Edison Program Internship,"Niskayuna, NY",https://www.linkedin.com/jobs/view/4297690491,2025-09-09,True
Semiconductors,Thermo Fisher Scientific,Software Development / Engineering Intern,"Hillsboro, OR",https://www.linkedin.com/jobs/view/4296217094,2025-09-09,True
Semiconductors,Rambus,Product Engineering Intern,"San Jose, CA",https://www.linkedin.com/jobs/view/4296257295,2025-09-09,True
Semiconductors,Texas Instruments,Information Technology Intern – Security,"Dallas, TX",https://www.linkedin.com/jobs/view/4297314137,2025-09-09,True
Semiconductors,Keysight Technologies,R&D Electrical Engineering Intern,"Colorado Springs, CO",https://www.linkedin.com/jobs/view/4295802678,2025-09-09,True
Semiconductors,MKS Inc.,2026 Spring/Summer Software Engineering Undergraduate Intern/Co-op,"Rochester, NY",https://www.linkedin.com/jobs/view/4295824439,2025-09-09,True
Semiconductors,NXP Semiconductors,AI/ML ASIC Design and Implementation Automation Intern - Summer 2026,"San Diego, CA, US",https://www.indeed.com/viewjob?jk=d1c82c5ac78d4863,2025-09-08,True
Semiconductors,Marvell Technology,Analog Intern - Bachelor's Degree (PEY / Full-Year) [US],"Santa Clara, CA, US",https://www.indeed.com/viewjob?jk=39a6405b8ddc8c6f,2025-09-08,True
Semiconductors,Qorvo,Design Engineering Intern,"Greensboro, NC, US",https://www.indeed.com/viewjob?jk=acdc2f72e6825a98,2025-09-08,True
Semiconductors,Skyworks Solutions,Analog/Mixed-signal IC Design Co-Op (June '26-Dec '26),"Austin, TX, US",https://www.indeed.com/viewjob?jk=49362119b592dfb0,2025-09-06,True
Semiconductors,Skyworks Solutions,IC Analog Mixed Signal Verification Co-op (Summer/Fall 2026),"Cedar Rapids, IA, US",https://www.indeed.com/viewjob?jk=6678e945314ef7a0,2025-09-06,True
Semiconductors,Marvell Technology,Analog Intern - Bachelor's Degree (PEY / Full-Year) [US],"Santa Clara, CA",https://www.linkedin.com/jobs/view/4295552837,2025-09-08,True
Semiconductors,"Skyworks Solutions, Inc.",Analog IC Design Co-Op (Summer/Fall 2026),"Cedar Rapids, IA",https://www.linkedin.com/jobs/view/4287747387,2025-09-08,True
Semiconductors,"Skyworks Solutions, Inc.",Analog IC Design Co-Op (Winter/Spring 2026),"Cedar Rapids, IA",https://www.linkedin.com/jobs/view/4287747388,2025-09-08,True
Semiconductors,"Omni Design Technologies, Inc.",Analog/Mixed-Signal IC Design Engineering Intern,"Milpitas, CA",https://www.linkedin.com/jobs/view/4297259522,2025-09-07,True
Semiconductors,Qorvo,RFIC Design Engineer Intern,"Chelmsford, MA, US",https://www.indeed.com/viewjob?jk=e3e9bf5714c4e526,2025-09-08,True
Semiconductors,"Qorvo, Inc.",RFIC Design Engineer Intern,"Chelmsford, MA",https://www.linkedin.com/jobs/view/4297620471,2025-09-08,True
Semiconductors,Marvell Technology,Analog Engineer Intern - PhD,"Santa Clara, CA",https://www.linkedin.com/jobs/view/4295813334,2025-09-08,True
Semiconductors,Marvell Technology,Analog Engineer Intern - PhD,"Irvine, CA",https://www.linkedin.com/jobs/view/4295558746,2025-09-08,True
Semiconductors,"Qorvo, Inc.",Design Engineering Intern,"Greensboro, NC",https://www.linkedin.com/jobs/view/4297613673,2025-09-08,True
Semiconductors,"Skyworks Solutions, Inc.",RF SW IC Design Co-op (Summer/Fall 2026),"Cedar Rapids, IA",https://www.linkedin.com/jobs/view/4287748310,2025-09-08,True
Semiconductors,Falcomm,Graduate RFIC Engineering Intern/Co-Op,"Atlanta, GA",https://www.linkedin.com/jobs/view/4295255277,2025-09-07,True
Embedded Systems,Dhara Consulting Group,CNO Developer Intern,"San Antonio, TX, US",https://www.indeed.com/viewjob?jk=716cb4db521b682e,2025-09-09,True
Embedded Systems,Leonardo DRS,Summer 2026 Software Engineering Intern,"Frederick, MD, US",https://www.indeed.com/viewjob?jk=3ab972671b3bc73a,2025-09-09,True
Embedded Systems,Oshkosh Corporation,Telematics Intern - Summer 2026,"Orlando, FL, US",https://www.indeed.com/viewjob?jk=819858a02c81ecf2,2025-09-09,True
Embedded Systems,Steel Dynamics,Environmental Engineering Intern,"Columbus, MS, US",https://www.indeed.com/viewjob?jk=3bd851216431f38a,2025-09-08,True
Embedded Systems,Wind River,Embedded Software Engineering Intern,"Cupertino, CA, US",https://www.indeed.com/viewjob?jk=ef1ae14161346823,2025-09-08,True
Embedded Systems,Wind River,Embedded Software Engineering Intern,"Walnut Creek, CA, US",https://www.indeed.com/viewjob?jk=e0da307016b46ab2,2025-09-08,True
Embedded Systems,Wind River,Embedded Software Engineering Intern,"San Diego, CA, US",https://www.indeed.com/viewjob?jk=bdfc563ad1fdab6b,2025-09-08,True
Embedded Systems,Bose Corporation,Embedded Software Engineer Intern,"Framingham, MA",https://www.linkedin.com/jobs/view/4295585559,2025-09-08,True
Embedded Systems,Wind River,Embedded Software Engineering Intern,"Cupertino, CA",https://www.linkedin.com/jobs/view/4297367855,2025-09-09,True
Embedded Systems,Wind River,Embedded Software Engineering Intern,"San Diego, CA",https://www.linkedin.com/jobs/view/4297366791,2025-09-09,True
Embedded Systems,Vermeer Corporation,Embedded Software Intern (Summer 2026),"Pella, IA",https://www.linkedin.com/jobs/view/4295826938,2025-09-09,True
Embedded Systems,HP,Software Developer Internship,"Corvallis, OR",https://www.linkedin.com/jobs/view/4297634527,2025-09-09,True
Embedded Systems,Bobcat Company,2026 Embedded Software Engineer Student Experience,,https://www.linkedin.com/jobs/view/4297627860,2025-09-09,True
Embedded Systems,HP,Software Developer Internship,"Vancouver, WA",https://www.linkedin.com/jobs/view/4297643143,2025-09-09,True
Embedded Systems,Wind River,Embedded Software Engineering Intern,"Walnut Creek, CA",https://www.linkedin.com/jobs/view/4297358933,2025-09-09,True
Embedded Systems,Volvo Group,Intern: Systems Engineering (Summer 2026),"Greensboro, NC",https://www.linkedin.com/jobs/view/4298106659,2025-09-09,True
Embedded Systems,Tesla,"Internship, Displays Electrical Engineer, Electronic Systems (Winter/Spring 2026)","Palo Alto, CA, US",https://www.indeed.com/viewjob?jk=604d7267824e59d8,2025-09-09,True
Embedded Systems,Bracco,Firmware Engineering Co-op,"Eden Prairie, MN, US",https://www.indeed.com/viewjob?jk=d4eebe8fa15fd408,2025-09-08,True
Embedded Systems,PayPal,Software Engineer Intern,"San Jose, CA",https://www.linkedin.com/jobs/view/4287163709,2025-09-08,True
Embedded Systems,PayPal,Software Engineer Intern,"Austin, TX",https://www.linkedin.com/jobs/view/4287168441,2025-09-08,True
Embedded Systems,PayPal,Software Engineer Intern,"Chicago, IL",https://www.linkedin.com/jobs/view/4287169252,2025-09-08,True
Embedded Systems,PayPal,Software Engineer Intern,"Scottsdale, AZ",https://www.linkedin.com/jobs/view/4287166448,2025-09-08,True
Embedded Systems,Lensa,Software Engineer Internship,"Raleigh, NC",https://www.linkedin.com/jobs/view/4297223384,2025-09-07,True
Embedded Systems,OneHubPOS,Software Engineer Intern,"Folsom, CA",https://www.linkedin.com/jobs/view/4296851366,2025-09-07,True
Embedded Systems,Vial,Software Engineer Intern (Jan - April 2026) - United States,,https://www.linkedin.com/jobs/view/4298110224,2025-09-09,True
Embedded Systems,Chunkr,Software Engineer Internship (Summer 2026),"San Francisco, CA",https://www.linkedin.com/jobs/view/4297362334,2025-09-09,True
Embedded Systems,Snowflake,Software Engineer Intern (Core Engineering) - Spring 2026,"Menlo Park, CA",https://www.linkedin.com/jobs/view/4297672888,2025-09-09,True
Embedded Systems,Snowflake,Software Engineer Intern (Core Engineering) - Spring 2026,"Bellevue, WA",https://www.linkedin.com/jobs/view/4297684347,2025-09-09,True
Embedded Systems,"OCV, LLC",Software Engineer - Internship/Part-Time,"Opelika, AL",https://www.linkedin.com/jobs/view/4295807639,2025-09-09,True
Embedded Systems,C3 AI,Software Engineer - Intern (Summer 2026),"Redwood City, CA",https://www.linkedin.com/jobs/view/4295817027,2025-09-09,True
Embedded Systems,Wind River,Embedded Software Engineer - Intern,"San Diego, CA",https://www.linkedin.com/jobs/view/4297363824,2025-09-09,True
Embedded Systems,Allegion,Summer Intern – Software Engineering – Quality Assurance,"Golden, CO",https://www.linkedin.com/jobs/view/4296629639,2025-09-09,True
Embedded Systems,Block,Software Engineer Intern (Summer 2026),,https://www.linkedin.com/jobs/view/4298168323,2025-09-09,True
AI,Verizon,New Jersey Institute of Technology Network Security Co-op,"Branchburg, NJ, US",https://www.indeed.com/viewjob?jk=ea8d4feaeb93e73a,2025-09-09,True
AI,Verizon,The University of Texas at Dallas Network Security Co-op,"Irving, TX, US",https://www.indeed.com/viewjob?jk=b4747c935684b723,2025-09-09,True
AI,Skyworks Solutions,Digital ASIC Physical Design Electrical Engineering -Summer Intern 2026,"Hillsboro, OR, US",https://www.indeed.com/viewjob?jk=4d6985ac189ea792,2025-09-09,True
AI,Dell Technologies,Dell ISG Hardware Engineering Graduate Intern,"Round Rock, TX, US",https://www.indeed.com/viewjob?jk=b5d481383cb63700,2025-09-09,True
AI,Sandia National Laboratories,"Intern, R&D Graduate Summer - AI For Autonomy, Onsite","Albuquerque, NM, US",https://www.indeed.com/viewjob?jk=1d40551054adcb53,2025-09-09,True
AI,Wabash Valley Power Alliance,Technical Services Intern (Summer 2026),"Indianapolis, IN, US",https://www.indeed.com/viewjob?jk=5ad1c83d4ece0308,2025-09-09,True
AI,HMH,IT Intern,"Houston, TX, US",https://www.indeed.com/viewjob?jk=5e209440a1ff4c7f,2025-09-09,True
AI,Haynes International,Internships Summer 2026,"Kokomo, IN, US",https://www.indeed.com/viewjob?jk=298436d37f47f7fe,2025-09-09,True
AI,Meta,"Research Scientist Intern, Audio (PhD)","Redmond, WA, US",https://www.indeed.com/viewjob?jk=a4da126b18580b89,2025-09-08,True
AI,Meta,"Research Scientist Intern, Hand Pose Estimation & Tracking (PhD)","Redmond, WA, US",https://www.indeed.com/viewjob?jk=80adb209d0f9e822,2025-09-07,True
AI,Meta,"Research Scientist Intern, On-Device AI Model Optimization (PhD)","Sunnyvale, CA, US",https://www.indeed.com/viewjob?jk=589a1b1f47ad6c1e,2025-09-07,True
AI,Lensa,Internal IT Intern - Application Services- 2026,,https://www.linkedin.com/jobs/view/4298157231,2025-09-09,True
AI,Symbotic,Intern- Hardware Engineer,"Wilmington, MA",https://www.linkedin.com/jobs/view/4297578355,2025-09-08,True
AI,HP,Technology & Innovation Organization Hardware Engineering Internship,"Corvallis, OR",https://www.linkedin.com/jobs/view/4298421568,2025-09-10,True
AI,Lockheed Martin,Research Internship (AR),"Arlington, VA, US",https://www.indeed.com/viewjob?jk=3531989ee7699260,2025-09-09,True
AI,Rambus,Intern Digital RTL,"Morrisville, NC, US",https://www.indeed.com/viewjob?jk=95656ced6ea64cc1,2025-09-09,True
AI,Rambus,Intern Digital Verification,"Morrisville, NC, US",https://www.indeed.com/viewjob?jk=a4c38cf9544ce289,2025-09-09,True
AI,Johnson & Johnson,Engineering & Property Services Co-Op,"New Brunswick, NJ, US",https://www.indeed.com/viewjob?jk=3d20aaec1efee29a,2025-09-09,True
AI,HII,2026 COLLEGE SUMMER INTERN,"Pascagoula, MS, US",https://www.indeed.com/viewjob?jk=2dbd9f20b8dbfd3b,2025-09-09,True
AI,Meta,"Research Scientist Intern, 3D Scene Reconstruction / Generative AI (PhD)","Bellevue, WA, US",https://www.indeed.com/viewjob?jk=68921dd9b78c55f6,2025-09-08,True
AI,Siemens,Mechanical Data Analyst- Customer Service (Summer 2026),"Lexington, NC, US",https://www.indeed.com/viewjob?jk=ec39cfe179bcaa4c,2025-09-08,True
AI,Meta,"Research Scientist Intern, Robotic End Effector (PhD)","Redmond, WA, US",https://www.indeed.com/viewjob?jk=ea0ffb2998f3a4a6,2025-09-07,True
AI,Meta,"Research Scientist Intern, Tunable Optical Design and Fabrication (PhD)","Redmond, WA, US",https://www.indeed.com/viewjob?jk=fb2af934f86566cb,2025-09-07,True
AI,Meta,"Research Scientist Intern, Computational Photography (PhD)","Bellevue, WA, US",https://www.indeed.com/viewjob?jk=4a034ea6fc33aeb2,2025-09-07,True
AI,Lensa,Software Engineering Intern - The Toro Company,"Minneapolis, MN",https://www.linkedin.com/jobs/view/4297292690,2025-09-08,True
AI,Bose Corporation,Audio Machine Learning Intern,"Framingham, MA",https://www.linkedin.com/jobs/view/4296290733,2025-09-10,True
AI,"Skyworks Solutions, Inc.",AI-Summer Intern,"Hillsboro, OR",https://www.linkedin.com/jobs/view/4298447012,2025-09-10,True
AI,Physics World,Computational Engineering Division Graduate Intern - Summer 2026,"Livermore, CA",https://www.linkedin.com/jobs/view/4296260636,2025-09-10,True
AI,Meta,"Research Scientist Intern, On-Device AI Model Optimization (PhD)","Sunnyvale, CA",https://www.linkedin.com/jobs/view/4296283325,2025-09-10,True
AI,Sandia National Laboratories,"Intern, R&D Graduate Summer - AI For Autonomy, Onsite","Albuquerque, NM",https://www.linkedin.com/jobs/view/4297973663,2025-09-10,True
FPGA,Sandia National Laboratories,"Intern, R&D Graduate Summer - TITANS: Cybersecurity, Onsite","Albuquerque, NM, US",https://www.indeed.com/viewjob?jk=5ed9da512f451c1a,2025-09-09,True
FPGA,Sandia National Laboratories,"Intern, R&D Undergraduate Summer - TITANS: Cybersecurity, Onsite","Albuquerque, NM, US",https://www.indeed.com/viewjob?jk=31a1ae8356762e32,2025-09-09,True
FPGA,Leidos,Embedded Design Engineering Intern,"Huntsville, AL, US",https://www.indeed.com/viewjob?jk=2771575c76cdc6e8,2025-09-09,True
FPGA,Leidos,Electrical Hardware Design Engineering Intern,"Huntsville, AL, US",https://www.indeed.com/viewjob?jk=107518bf0127271e,2025-09-09,True
FPGA,CesiumAstro,"Summer 2026 - Electrical Engineering Internship, FPGA","Austin, TX, US",https://www.indeed.com/viewjob?jk=bc1972277c3399e7,2025-09-09,True
FPGA,Leidos,Embedded Design Engineering Intern,"Huntsville, AL",https://www.linkedin.com/jobs/view/4296296144,2025-09-10,True
FPGA,Leidos,Electrical Hardware Design Engineering Intern,"Huntsville, AL",https://www.linkedin.com/jobs/view/4296282327,2025-09-10,True
FPGA,Jobs via Dice,Computer Engineering Intern,,https://www.linkedin.com/jobs/view/4297906261,2025-09-10,True
FPGA,Dell Technologies,Dell CSG Hardware Engineering Intern,"Austin, TX",https://www.linkedin.com/jobs/view/4298701231,2025-09-10,True
FPGA,Peraton,Hardware Exploitation Engineer,"Bethesda, MD",https://www.linkedin.com/jobs/view/4297961924,2025-09-10,True
FPGA,Marvell Technology,Physical Design Engineer Intern - Master's Degree,"Morrisville, NC, US",https://www.indeed.com/viewjob?jk=875f01839253c93a,2025-09-09,True
FPGA,Texas Instruments,Design Verification Engineering Intern - Bachelors - Santa Clara,"Santa Clara, CA, US",https://www.indeed.com/viewjob?jk=5288433ccec84d40,2025-09-09,True
FPGA,Texas Instruments,Design Verification Engineering Intern - MS/PhD - Santa Clara,"Santa Clara, CA, US",https://www.indeed.com/viewjob?jk=9854de60f63bc107,2025-09-09,True
FPGA,Texas Instruments,Design Verification Engineering Intern - MS/PhD,"Dallas, TX, US",https://www.indeed.com/viewjob?jk=ccd1a61d2644ec0c,2025-09-09,True
FPGA,Texas Instruments,Design Verification Engineering Intern - Bachelors,"Dallas, TX, US",https://www.indeed.com/viewjob?jk=c1091676bcfddfb9,2025-09-09,True
FPGA,Marvell Technology,Physical Design Engineer Intern - Master's Degree,"Morrisville, NC",https://www.linkedin.com/jobs/view/4296295133,2025-09-10,True
FPGA,Texas Instruments,Design Verification Engineering Intern - Bachelors - Santa Clara,"Santa Clara, CA",https://www.linkedin.com/jobs/view/4297977459,2025-09-10,True
FPGA,Texas Instruments,Design Verification Engineering Intern - Bachelors,"Dallas, TX",https://www.linkedin.com/jobs/view/4297975592,2025-09-10,True
FPGA,Texas Instruments,Design Verification Engineering Intern - MS/PhD - Santa Clara,"Santa Clara, CA",https://www.linkedin.com/jobs/view/4297987119,2025-09-10,True
FPGA,Texas Instruments,Design Verification Engineering Intern - MS/PhD,"Dallas, TX",https://www.linkedin.com/jobs/view/4297969764,2025-09-10,True
FPGA,Nubit,Formal Verification R&D Intern,"California, United States",https://www.linkedin.com/jobs/view/4298248974,2025-09-10,True
FPGA,Cisco,Hardware Engineer I (Intern) United States,"North Carolina, United States",https://www.linkedin.com/jobs/view/4298493123,2025-09-10,True
FPGA,"Skyworks Solutions, Inc.",Digital ASIC Physical Design Electrical Engineering -Summer Intern 2026,"Hillsboro, OR",https://www.linkedin.com/jobs/view/4298434529,2025-09-10,True
Semiconductors,Tokyo Electron,Software Engineer Intern (Summer 2026),"Austin, TX, US",https://www.indeed.com/viewjob?jk=3445748903c16567,2025-09-10,True
Semiconductors,Tokyo Electron,Process Engineer Intern (Summer 2026),"North Chelmsford, MA, US",https://www.indeed.com/viewjob?jk=d8ab187ef9a8df36,2025-09-10,True
Semiconductors,Tokyo Electron,Automation Engineer Intern (Summer 2026),"Austin, TX, US",https://www.indeed.com/viewjob?jk=6b60960a5ddf6e12,2025-09-10,True
Semiconductors,Tokyo Electron,Process Engineer Intern (Summer 2026),"Chaska, MN, US",https://www.indeed.com/viewjob?jk=175f570e76ecc4dd,2025-09-10,True
Semiconductors,Tokyo Electron,Process Engineer Intern (Summer 2026),"Albany, NY, US",https://www.indeed.com/viewjob?jk=f7bf384f7c6f8023,2025-09-10,True
Semiconductors,Tokyo Electron,Research Scientist Intern (Summer 2026),"Austin, TX, US",https://www.indeed.com/viewjob?jk=ec87d3304f34f5a7,2025-09-10,True
Semiconductors,Tokyo Electron,Data Engineer Intern (Summer 2026),"Austin, TX, US",https://www.indeed.com/viewjob?jk=49083af7c96ec6b0,2025-09-10,True
Semiconductors,Tokyo Electron,Process Engineer Intern (Summer 2026),"Austin, TX, US",https://www.indeed.com/viewjob?jk=8b79de03b1901d98,2025-09-10,True
Semiconductors,Tokyo Electron,Mechanical Engineer Intern (Summer 2026),"Chaska, MN, US",https://www.indeed.com/viewjob?jk=c6941561c1b7aef7,2025-09-10,True
Semiconductors,Polar Semiconductor,IT Engineer Intern,"Bloomington, MN, US",https://www.indeed.com/viewjob?jk=4b3359a411e31cc6,2025-09-10,True
Semiconductors,Polar Semiconductor,Design Enablement Engineer Intern,"Bloomington, MN, US",https://www.indeed.com/viewjob?jk=ea2c8e9ada420d05,2025-09-10,True
Semiconductors,Polar Semiconductor,Computer Engineer Intern,"Bloomington, MN, US",https://www.indeed.com/viewjob?jk=76451ba4b1767e02,2025-09-10,True
Semiconductors,"Qorvo, Inc.",Software Engineer Intern,"Richardson, TX",https://www.linkedin.com/jobs/view/4298409172,2025-09-10,True
Semiconductors,Tokyo Electron US,Software Engineer Intern (Summer 2026),"Austin, TX",https://www.linkedin.com/jobs/view/4298482518,2025-09-10,True
Semiconductors,IBM,Software Engineering Intern 2026,"Austin, TX",https://www.linkedin.com/jobs/view/4296286104,2025-09-10,True
Semiconductors,IBM,Software Engineering Intern 2026,"Poughkeepsie, NY",https://www.linkedin.com/jobs/view/4296292060,2025-09-10,True
Semiconductors,Tokyo Electron US,Data Engineer Intern (Summer 2026),"Austin, TX",https://www.linkedin.com/jobs/view/4298487332,2025-09-10,True
Semiconductors,Peraton,Electrical Engineer,"Chantilly, VA, US",https://www.indeed.com/viewjob?jk=36ee626a5746bd05,2025-09-09,True
Semiconductors,Skyworks Solutions,Analog Mixed-Signal IC Design -Summer Intern,"Hillsboro, OR, US",https://www.indeed.com/viewjob?jk=5cbbd264bb89a144,2025-09-09,True
Semiconductors,Marvell Technology,Layout Intern - Bachelor's Degree,"Santa Clara, CA, US",https://www.indeed.com/viewjob?jk=00b832a26f6efdd7,2025-09-09,True
Semiconductors,Texas Instruments,Analog IC Design Engineering Intern - MS/PhD - Santa Clara,"Santa Clara, CA, US",https://www.indeed.com/viewjob?jk=b0fb7471cba4363d,2025-09-09,True
Semiconductors,Texas Instruments,Analog IC Design Engineering Intern - Bachelors - Santa Clara,"Santa Clara, CA, US",https://www.indeed.com/viewjob?jk=9f5157dd99b0a084,2025-09-09,True
Semiconductors,Texas Instruments,Digital IC Design Engineering Intern - Bachelors,"Dallas, TX, US",https://www.indeed.com/viewjob?jk=487ae780885741cc,2025-09-09,True
Semiconductors,Texas Instruments,Analog IC Design Engineering Intern - MS/PhD,"Dallas, TX, US",https://www.indeed.com/viewjob?jk=a55a071275c7ce59,2025-09-09,True
Semiconductors,Texas Instruments,Analog IC Design Engineering Intern - Bachelors,"Dallas, TX, US",https://www.indeed.com/viewjob?jk=750a2fd588d54cb2,2025-09-09,True
Semiconductors,Texas Instruments,Digital IC Design Engineering Intern - MS/PhD,"Dallas, TX, US",https://www.indeed.com/viewjob?jk=9d73bb4b07bb3e65,2025-09-09,True
Semiconductors,Texas Instruments,Analog IC Design Engineering Intern - Bachelors - Santa Clara,"Santa Clara, CA",https://www.linkedin.com/jobs/view/4297972711,2025-09-10,True
Semiconductors,"Skyworks Solutions, Inc.",Analog Mixed-Signal IC Design -Summer Intern,"Hillsboro, OR",https://www.linkedin.com/jobs/view/4298443236,2025-09-10,True
Semiconductors,Texas Instruments,Analog IC Design Engineering Intern - Bachelors,"Dallas, TX",https://www.linkedin.com/jobs/view/4297911336,2025-09-10,True
Semiconductors,Texas Instruments,Analog IC Design Engineering Intern - MS/PhD - Santa Clara,"Santa Clara, CA",https://www.linkedin.com/jobs/view/4297983389,2025-09-10,True
Semiconductors,Texas Instruments,Analog IC Design Engineering Intern - MS/PhD,"Dallas, TX",https://www.linkedin.com/jobs/view/4297906428,2025-09-10,True
Semiconductors,Marvell Technology,Layout Intern - Bachelor's Degree,"Santa Clara, CA",https://www.linkedin.com/jobs/view/4296296146,2025-09-10,True
Semiconductors,Texas Instruments,Digital IC Design Engineering Intern - Bachelors,"Dallas, TX",https://www.linkedin.com/jobs/view/4297982400,2025-09-10,True
Software Engineering,JPMorganChase,"2025 Data for Good Hackathon – Quantitative Finance Associate - Manhattan, New York","Chicago, IL, US",https://www.indeed.com/viewjob?jk=048aa0ef664c3b10,2025-09-10,True
Software Engineering,Copper roots,Transmission Line Engineering Intern,"Austin, TX, US",https://www.indeed.com/viewjob?jk=1eb17c9759878d50,2025-09-10,True
Software Engineering,Copper roots,Transmission Line Engineering Intern,"Fort Worth, TX, US",https://www.indeed.com/viewjob?jk=89d1572aa87049ac,2025-09-10,True
Software Engineering,Inogen,Electrical Engineering Intern,"Plano, TX, US",https://www.indeed.com/viewjob?jk=5e57a223c794a27b,2025-09-09,True
Software Engineering,Inogen,Sustaining Mechanical Engineering Intern,"Plano, TX, US",https://www.indeed.com/viewjob?jk=c11b69e5ae70ee9b,2025-09-09,True
Software Engineering,Inogen,Sustaining Electrical Engineering Intern,"Plano, TX, US",https://www.indeed.com/viewjob?jk=c6f71d7cb10006d8,2025-09-09,True
Software Engineering,Sierra Lobo,Computer Science Intern - Fall 2025,"Milan, OH, US",https://www.indeed.com/viewjob?jk=007e95c80906f5fd,2025-09-09,True
Software Engineering,McDonough Bolyard Peck,Intern,"Raleigh, NC, US",https://www.indeed.com/viewjob?jk=bcec877ea2b5f94f,2025-09-09,True
Software Engineering,McDonough Bolyard Peck,Intern/Co-op,"Radnor, PA, US",https://www.indeed.com/viewjob?jk=2d2d94c97e11af3f,2025-09-09,True
Software Engineering,McDonough Bolyard Peck,Intern,"Richmond, VA, US",https://www.indeed.com/viewjob?jk=9c951f29d0147bfb,2025-09-09,True
Software Engineering,McDonough Bolyard Peck,Intern,"Roanoke, VA, US",https://www.indeed.com/viewjob?jk=4361cb936a7b07b6,2025-09-09,True
Software Engineering,McDonough Bolyard Peck,Intern/Co-op,"Vienna, VA, US",https://www.indeed.com/viewjob?jk=35d2ef731a70d9a2,2025-09-09,True
Software Engineering,"DYNAMIC ENGINEERING CONSULTANTS, PC",Intern (Summer 2026) - Dynamic Traffic,"Marlton, NJ, US",https://www.indeed.com/viewjob?jk=38b256477e1614ec,2025-09-09,True
Software Engineering,"DYNAMIC ENGINEERING CONSULTANTS, PC",Intern (Summer 2026) - Dynamic Traffic,"Audubon, PA, US",https://www.indeed.com/viewjob?jk=9f7041a2aaf72820,2025-09-09,True
Software Engineering,HP,Software Developer Internship,"Spring, TX",https://www.linkedin.com/jobs/view/4297638382,2025-09-08,True
Software Engineering,Agave,(New Grad) Software Engineer,"San Francisco, CA",https://www.linkedin.com/jobs/view/4298305203,2025-09-10,True
Software Engineering,PayPal,Fullstack Software Engineer Intern,"San Jose, CA",https://www.linkedin.com/jobs/view/4296285231,2025-09-10,True
Software Engineering,Zams,Internship: Software Engineer,"California, United States",https://www.linkedin.com/jobs/view/4298412680,2025-09-10,True
Software Engineering,"Anonyome Labs, Inc.",Internship - Software Engineer (Summer 2026),"South Jordan, UT",https://www.linkedin.com/jobs/view/4298294554,2025-09-10,True
Software Engineering,PayPal,Fullstack Software Engineer Intern,"Chicago, IL",https://www.linkedin.com/jobs/view/4296703004,2025-09-10,True
Software Engineering,PayPal,Fullstack Software Engineer Intern,"Austin, TX",https://www.linkedin.com/jobs/view/4296296094,2025-09-10,True
Software Engineering,Tokyo Electron,Software Engineer Intern (Summer 2026),"North Chelmsford, MA, US",https://www.indeed.com/viewjob?jk=dc0a29053973c506,2025-09-10,True
Software Engineering,Tokyo Electron,Software Engineer Intern (Summer 2026),"Chaska, MN, US",https://www.indeed.com/viewjob?jk=038ef33b4133a078,2025-09-10,True
Software Engineering,"U.S. Venture, Inc.",Software Engineer Intern - IGEN,"Appleton, WI, US",https://www.indeed.com/viewjob?jk=7722157d3d559c6c,2025-09-09,True
Software Engineering,Hitachi Energy,2026 Summer Engineering Intern-Jefferson City MO,"Jefferson City, MO, US",https://www.indeed.com/viewjob?jk=37d9f932de431136,2025-09-10,True
Software Engineering,Southland Industries,Co-Op (Spring 2026 - Summer 2026) - Mechanical Design Engineer,"Horsham, PA, US",https://www.indeed.com/viewjob?jk=e8c07df64bc26d77,2025-09-10,True
Software Engineering,Tetra Pak,Process and Technical Engineering Intern,"Vernon Hills, IL, US",https://www.indeed.com/viewjob?jk=ce31003621195ed7,2025-09-10,True
Software Engineering,Tetra Pak,Quality Engineer Intern,"Denton, TX, US",https://www.indeed.com/viewjob?jk=3be0e262a76a5cff,2025-09-10,True
Software Engineering,Tetra Pak,Process Engineering Intern,"Winsted, MN, US",https://www.indeed.com/viewjob?jk=f904cb214b31d93a,2025-09-10,True
Software Engineering,Hitachi Energy,2026 Summer Electrical Engineering Intern,"Raleigh, NC, US",https://www.indeed.com/viewjob?jk=e096860d3bef44dc,2025-09-09,True
Software Engineering,Proterial,2026 Summer Engineering Intern-Jefferson City MO,"Jefferson City, MO, US",https://www.indeed.com/viewjob?jk=7eaae45e810d372b,2025-09-09,True
Software Engineering,Amazon.com,"Fall 2025 Applied Science Internship - United States, PhD Student Science Recruiting, Frontier AI & Robotics","Seattle, WA, US",https://www.indeed.com/viewjob?jk=9e06ed8a76712255,2025-06-02,True
Software Engineering,Amazon.com,"Fall 2025 Applied Science Internship - United States, PhD Student Science Recruiting, Frontier AI & Robotics","San Francisco, CA, US",https://www.indeed.com/viewjob?jk=14c545855ef6e409,2025-06-02,True
Software Engineering,LPL Financial,"Internship Summer 2026 - Technology, Infrastructure & Operations","Fort Mill, SC",https://www.linkedin.com/jobs/view/4297686638,2025-09-09,True
Software Engineering,Nelnet,Intern - IT Software Engineer Spring 2026,"Madison, WI",https://www.linkedin.com/jobs/view/4297328549,2025-09-08,True
Software Engineering,American Express,"Campus Undergraduate Summer Internship Program - 2026 Software Engineer, Technology - New York, NY","New York, NY",https://www.linkedin.com/jobs/view/4288350635,2025-09-10,True
Software Engineering,American Express,"Campus Graduate Summer Internship Program - 2026 Software Engineer, Technology - New York, NY","New York, NY",https://www.linkedin.com/jobs/view/4288354417,2025-09-10,True
Software Engineering,American Express,"Campus Undergraduate Summer Internship Program - 2026 Software Engineer, Technology - Sunrise, FL","Sunrise, FL",https://www.linkedin.com/jobs/view/4288349789,2025-09-10,True
Software Engineering,Vermeer Corporation,IT Software Engineer Intern (Summer 2026),"Pella, IA",https://www.linkedin.com/jobs/view/4297902409,2025-09-10,True
Software Engineering,Tokka Labs,"Software Engineer Intern (Min 2 months, full time)","Spring, AR",https://www.linkedin.com/jobs/view/4297906258,2025-09-10,True
Software Engineering,American Express,"Campus Graduate Summer Internship Program - 2026 Software Engineer, Technology - Sunrise, FL","Sunrise, FL",https://www.linkedin.com/jobs/view/4288352529,2025-09-10,True
Software Engineering,American Express,"Campus Graduate Summer Internship Program - 2026 Software Engineer, Technology - Phoenix, AZ","Phoenix, AZ",https://www.linkedin.com/jobs/view/4288351667,2025-09-10,True
Software Engineering,American Express,"Campus Undergraduate Summer Internship Program - 2026 Software Engineer, Technology - Phoenix, AZ","Phoenix, AZ",https://www.linkedin.com/jobs/view/4288353518,2025-09-10,True
Software Engineering,Thrivent,"IT Application Engineer Intern, Investments - Summer 2026","Minneapolis, MN",https://www.linkedin.com/jobs/view/4297885747,2025-09-10,True
Software Engineering,Western & Southern Financial Group,Software Development Intern (Full Year 2026),"Cincinnati, OH, US",https://www.indeed.com/viewjob?jk=91ffda49c9512359,2025-09-09,True
Software Engineering,Freddie Mac,Multifamily Software Development Intern- Summer 2026,"McLean, VA",https://www.linkedin.com/jobs/view/4287545349,2025-09-09,True
Software Engineering,International Rescue Committee,Information Systems Intern,"New York, NY",https://www.linkedin.com/jobs/view/4297608169,2025-09-08,True
Software Engineering,IBM,IMS Software Technical Support Professional Intern: 2026,"San Jose, CA",https://www.linkedin.com/jobs/view/4295595461,2025-09-08,True
Software Engineering,IBM,IMS Software Technical Support Professional Intern: 2026,"Austin, TX",https://www.linkedin.com/jobs/view/4295596479,2025-09-08,True
Software Engineering,IBM,IMS Software Technical Support Professional Intern: 2026,"Lowell, MA",https://www.linkedin.com/jobs/view/4295590565,2025-09-08,True
Software Engineering,Lensa,Undergraduate Technical Intern - Secure Software Development,"Sacramento, CA",https://www.linkedin.com/jobs/view/4298473913,2025-09-10,True
Software Engineering,UltraSoC,Strategic Student Program: Software Development Intern (Spring 2026; STS),"Maryland Heights, MO",https://www.linkedin.com/jobs/view/4298721076,2025-09-10,True
Software Engineering,Jobs via Dice,Software Engineer Intern - Summer 2026 (For SNC Summer 2025 Interns Only),"Lone Tree, CO",https://www.linkedin.com/jobs/view/4297846814,2025-09-10,True
Software Engineering,Jobs via Dice,Software Engineer Intern - Summer 2026 (For SNC Summer 2025 Interns Only),"Plano, TX",https://www.linkedin.com/jobs/view/4297862166,2025-09-10,True
Software Engineering,Siemens Digital Industries Software,Strategic Student Program: Software Development Intern (Spring 2026; STS),"Maryland Heights, MO",https://www.linkedin.com/jobs/view/4297860530,2025-09-10,True
Software Engineering,HMH,IT Intern,"Houston, TX",https://www.linkedin.com/jobs/view/4298264618,2025-09-10,True
Software Engineering,FlexGen,Business Development Intern,"Durham, NC",https://www.linkedin.com/jobs/view/4298266483,2025-09-10,True
Embedded Systems,Crystal Group,"Intern, Electrical Engineer","Hiawatha, IA, US",https://www.indeed.com/viewjob?jk=49fdd59ee54a3cea,2025-09-10,True
Embedded Systems,AeroVironment,"Summer 2026 Guidance, Navigation & Control Engineering Intern","Simi Valley, CA, US",https://www.indeed.com/viewjob?jk=8a1182bbe4d45cab,2025-09-10,True
Embedded Systems,Brunswick,Software Engineer Intern,"Oshkosh, WI, US",https://www.indeed.com/viewjob?jk=9b29dd630c41c515,2025-09-09,True
Embedded Systems,Allegion,Firmware Intern,"Golden, CO, US",https://www.indeed.com/viewjob?jk=8a047d271c293a85,2025-09-09,True
Embedded Systems,Baird,Internship – IT Data & Analytics,"Milwaukee, WI, US",https://www.indeed.com/viewjob?jk=0ce7065c40a33252,2025-09-09,True
Embedded Systems,SPX Technologies,"Intern, Engineering","Fremont, CA, US",https://www.indeed.com/viewjob?jk=7d723e809e243d94,2025-09-09,True
Embedded Systems,Leonardo DRS,Summer 2026 Software Engineering Intern,"Palm Bay, FL, US",https://www.indeed.com/viewjob?jk=d7c7dcfd698ab052,2025-09-09,True
Embedded Systems,Bracco,Firmware Engineering Co-op,"Pleasanton, CA, US",https://www.indeed.com/viewjob?jk=0bf826cd2048221e,2025-09-09,True
Embedded Systems,Allegion,Firmware Intern,"Golden, CO",https://www.linkedin.com/jobs/view/4298449882,2025-09-10,True
Embedded Systems,Tesla,"Internship, Validation Engineer Low Voltage Power Management, Vehicle Firmware (Winter/Spring 2026)","Palo Alto, CA, US",https://www.indeed.com/viewjob?jk=501f063dbb869305,2025-09-10,True
Embedded Systems,Bracco,Product Security Engineering Intern,"Eden Prairie, MN, US",https://www.indeed.com/viewjob?jk=f2f7abc91fbf726f,2025-09-09,True
Embedded Systems,Saab,"Co-Op, Systems Spring - Summer 2026","East Syracuse, NY, US",https://www.indeed.com/viewjob?jk=5a383033c588f9be,2025-09-09,True
Embedded Systems,Tesla,"Internship, Fullstack Engineer, Infrastructure Engineering (Winter/Spring 2026)","Fremont, CA, US",https://www.indeed.com/viewjob?jk=8a44c5e2f87ae902,2025-09-09,True
Embedded Systems,Cboe Global Markets,Software Engineer Intern - Real-Time,"Kansas City, MO",https://www.linkedin.com/jobs/view/4297502066,2025-09-08,True
Embedded Systems,Astranis Space Technologies,Electrical Engineer- Software Defined Radio Hardware Associate (Summer 2025),"San Francisco, CA",https://www.linkedin.com/jobs/view/4051311331,2025-09-07,True
Embedded Systems,Peraton,Java Software Engineer - Space Domain,"Chantilly, VA",https://www.linkedin.com/jobs/view/4272402914,2025-09-07,True
Embedded Systems,Smart Data Solutions,"Software Engineer Intern, Capture Automation","Eagan, MN",https://www.linkedin.com/jobs/view/4297919171,2025-09-10,True
Embedded Systems,General Dynamics Mission Systems,Software Engineer Intern,"Colorado Springs, CO",https://www.linkedin.com/jobs/view/4297320240,2025-09-10,True
Embedded Systems,Raytheon,2026 Intern Raytheon Software Systems Engineer,"Arlington, VA",https://www.linkedin.com/jobs/view/4298249384,2025-09-10,True
Embedded Systems,Tokyo Electron US,Software Engineer Intern (Summer 2026),"North Chelmsford, MA",https://www.linkedin.com/jobs/view/4298470985,2025-09-10,True
Embedded Systems,"M.C. Dean, Inc.",Fire Alarm College Return Engineer Internship - 2025 - 2026 Season,"Tysons, VA, US",https://www.indeed.com/viewjob?jk=2de10b81c436d204,2025-09-09,True
AI,Autodesk,"PhD Intern, Robotics Application","San Francisco, CA, US",https://www.indeed.com/viewjob?jk=1d9a8fd4be2ee299,2025-09-21,True
AI,Fabick Cat,IT Help Desk Intern,"Milwaukee, WI, US",https://www.indeed.com/viewjob?jk=78a129fbaa5147c4,2025-09-20,True
AI,Keysight Technologies,R&D Software Engineer Internship,"Santa Rosa, CA, US",https://www.indeed.com/viewjob?jk=d8bbf3e03f1a0aea,2025-09-19,True
AI,ByteDance,Student Researcher (Seed - Infra - Inference) - 2026 Start (PhD),"San Jose, CA, US",https://www.indeed.com/viewjob?jk=f712c0538e3562bd,2025-09-19,True
AI,NVIDIA,Senior Math Libraries Engineer - Sparse Linear Algebra,"Santa Clara, CA, US",https://www.indeed.com/viewjob?jk=4598af57eee78377,2025-09-19,True
AI,Marvell Technology,Software Engineer Intern - Master's Degree,"Santa Clara, CA, US",https://www.indeed.com/viewjob?jk=01ef5fbe9731c0e8,2025-09-19,True
AI,Toyota Research Institute,"Robotics Intern - Mobile Manipulation, Hardware","Los Altos, CA, US",https://www.indeed.com/viewjob?jk=bf7ac532eee2d353,2025-09-19,True
AI,Boston Scientific,AIS R&D Research Data Science Intern,"Arden Hills, MN, US",https://www.indeed.com/viewjob?jk=6dcdd271afdd431d,2025-09-08,True
AI,Partcl,Summer 2026 ML Systems Intern,"San Francisco, CA",https://www.linkedin.com/jobs/view/4303154181,2025-09-20,True
AI,ByteDance,Research Engineer Intern (Doubao (Seed) - Machine Learning System) - 2025 Start (MS),"Seattle, WA",https://www.linkedin.com/jobs/view/4303539267,2025-09-20,True
AI,Silicon Labs,Design Engineering Intern,"Austin, TX",https://www.linkedin.com/jobs/view/4290769895,2025-09-20,True
AI,Fabick Cat,IT Help Desk Intern,"Milwaukee, WI",https://www.linkedin.com/jobs/view/4303183749,2025-09-20,True
AI,CX2,Mechanical Engineering Intern - Fall 2025,"El Segundo, CA",https://www.linkedin.com/jobs/view/4303263330,2025-09-20,True
AI,ByteDance,Research Intern (AI/LLM Network) - 2026 Start (PhD),"Seattle, WA",https://www.linkedin.com/jobs/view/4303296177,2025-09-20,True
AI,Quantinuum,Computational Science Intern - 479,"Minneapolis, MN",https://www.linkedin.com/jobs/view/4302496978,2025-09-19,True
AI,Boston Scientific,AIS R&D Research Data Science Intern,"Arden Hills, MN",https://www.linkedin.com/jobs/view/4303011374,2025-09-19,True
AI,IBM,Intern 2026: AI Inference Optimization Engineer,"San Jose, CA",https://www.linkedin.com/jobs/view/4301414674,2025-09-19,True
AI,IBM,Intern 2026: AI Inference Optimization Engineer,"Yorktown Heights, NY",https://www.linkedin.com/jobs/view/4301421517,2025-09-19,True
AI,IBM,Intern 2026: AI Inference Optimization Engineer,"Albany, NY",https://www.linkedin.com/jobs/view/4301410721,2025-09-19,True
AI,Samsung Research America (SRA),"2025 Fall Intern, GPU Architecture Modeling","Mountain View, CA",https://www.linkedin.com/jobs/view/4167904745,2025-09-22,True
AI,Skyworks Solutions,BAW/SAW Engineering Co-Op (Summer/Fall 2026),"Irvine, CA, US",https://www.indeed.com/viewjob?jk=2a938446a2a611d0,2025-09-20,True
AI,Amazon.com,"Amazon Robotics - 2026 Robotics Systems Engineer Intern/Co-op, Robotics Deployment Engineering","Westborough, MA, US",https://www.indeed.com/viewjob?jk=9bdf5b2aea510025,2025-09-19,True
AI,Amazon.com,"Amazon Robotics - 2026 Robotics Systems Engineer Intern/Co-op, Robotics Deployment Engineering","North Reading, MA, US",https://www.indeed.com/viewjob?jk=ef10e00b3e3c52e6,2025-09-19,True
AI,Universal Creative,"Internship, Universal Creative – Research & Development, Advanced Technology Interactives (Summer 2026)","Orlando, FL, US",https://www.indeed.com/viewjob?jk=b1d18f581a9e0748,2025-09-19,True
AI,"Redguard,LLC",Drafting Intern (Summer 2026 Internship) - RedGuard,"Wichita, KS, US",https://www.indeed.com/viewjob?jk=dbd3ec6459064a96,2025-09-19,True
AI,First Quality,INTERN OR CO-OP - Controls Engineer,"Anderson, SC, US",https://www.indeed.com/viewjob?jk=177cfc9aa9a4fd54,2025-09-19,True
AI,Oshkosh Corporation,Product AI Intern,"Oshkosh, WI, US",https://www.indeed.com/viewjob?jk=6c70644e1237d529,2025-09-19,True
AI,Seagate Technology,Semiconductor Equipment Engineering Summer Intern,"Bloomington, MN, US",https://www.indeed.com/viewjob?jk=7d1ec16506913895,2025-09-19,True
AI,United States Steel,Maintenance Student Employee,"Ecorse, MI, US",https://www.indeed.com/viewjob?jk=1799e9cc4b09c9ee,2025-09-19,True
AI,Battelle,Data Science Intern (Summer 2026),"Columbus, OH, US",https://www.indeed.com/viewjob?jk=91a3e99436ac0495,2018-04-22,True
AI,Lensa,Software Developer Intern (Summer 2026),"Denver, CO",https://www.linkedin.com/jobs/view/4303566309,2025-09-21,True
AI,General Mills,Internship - Research & Development Engineer,"Golden Valley, MN",https://www.linkedin.com/jobs/view/4279838430,2025-09-20,True
AI,Oshkosh Corporation,Autonomy Engineer Intern,"Pittsburgh, PA",https://www.linkedin.com/jobs/view/4303143057,2025-09-20,True
AI,GE Vernova,AI/ML Intern - Advanced Technology Organization - Summer 2026,"Bellevue, WA",https://www.linkedin.com/jobs/view/4292877296,2025-09-20,True
AI,Keysight Technologies,R&D Software Engineering Internship,"Atlanta, GA",https://www.linkedin.com/jobs/view/4301012471,2025-09-20,True
AI,Lensa,Software Engineering Intern - Summer 2026,"Denver, CO",https://www.linkedin.com/jobs/view/4303290662,2025-09-20,True
AI,Toyota Research Institute,"Robotics Intern - Mobile Manipulation, Hardware","Los Altos, CA",https://www.linkedin.com/jobs/view/4303085093,2025-09-19,True
AI,Oshkosh Corporation,Product AI Intern,"Oshkosh, WI",https://www.linkedin.com/jobs/view/4302794667,2025-09-19,True
AI,Battelle,Data Science Intern (Summer 2026),"Columbus, OH",https://www.linkedin.com/jobs/view/4303092638,2025-09-19,True
AI,Amazon,"Amazon Robotics - 2026 Robotics Systems Engineer Intern/Co-op, Robotics Deployment Engineering","North Reading, MA",https://www.linkedin.com/jobs/view/4303236412,2025-09-19,True
AI,Amazon,"Amazon Robotics - 2026 Robotics Systems Engineer Intern/Co-op, Robotics Deployment Engineering","Westborough, MA",https://www.linkedin.com/jobs/view/4303227409,2025-09-19,True
AI,Boston Scientific,AIS R&D Firmware Engineer Intern,"Arden Hills, MN",https://www.linkedin.com/jobs/view/4303902866,2025-09-22,True
AI,The Toro Company,Software Engineering Intern - The Toro Company,"Hennepin County, MN",https://www.linkedin.com/jobs/view/4303597318,2025-09-22,True
FPGA,Vertiv,Hardware Design Internship (Summer 2026),"Westerville, OH",https://www.linkedin.com/jobs/view/4292478738,2025-09-20,True
FPGA,ByteDance,ASIC Design&Verification Engineer Intern(Video Silicon IP) - 2026 Start (PhD),"San Jose, CA",https://www.linkedin.com/jobs/view/4303521490,2025-09-20,True
FPGA,General Dynamics Mission Systems,Intern Engineer - FPGA Engineering,"Bloomington, MN",https://www.linkedin.com/jobs/view/4302111010,2025-09-22,True
FPGA,Cirrus Logic,Spring Intern - Digital Design Engineer,"Austin, TX",https://www.linkedin.com/jobs/view/4282403735,2025-09-22,True
FPGA,Astronautics Corporation of America,Programmable Logic Device (PLD) Engineering Intern,"Oak Creek, WI",https://www.linkedin.com/jobs/view/4301865589,2025-09-22,True
FPGA,Astronautics Corporation of America,Electrical Engineering Intern,"Oak Creek, WI",https://www.linkedin.com/jobs/view/4301856894,2025-09-22,True
FPGA,Astranis Space Technologies,Software Systems Hardware Integration Engineer Intern (Fall 2025),"San Francisco, CA",https://www.linkedin.com/jobs/view/4269067261,2025-09-22,True
FPGA,Silicon Labs,Design Engineering Intern,"Austin, TX, US",https://www.indeed.com/viewjob?jk=1430b63b95fe9f4e,2025-09-19,True
FPGA,Lensa,"Software Engineering - Intern, Bachelor’s","Austin, TX",https://www.linkedin.com/jobs/view/4290255718,2025-09-22,True
FPGA,Garmin,Design Engineer Intern - Electrical,"Olathe, KS",https://www.linkedin.com/jobs/view/4292927313,2025-09-20,True
FPGA,Westinghouse Electric Company,Independent Verification & Validation Intern Summer 2026,"Warrendale, PA",https://www.linkedin.com/jobs/view/4292836671,2025-09-19,True
FPGA,"Medline Industries, LP",Verification & Validation Engineering Intern - Summer 2026,"Mundelein, IL",https://www.linkedin.com/jobs/view/4290769816,2025-09-19,True
FPGA,AMD,2026 Masters Compiler Engineering Co-op/Intern,"Santa Clara, CA",https://www.linkedin.com/jobs/view/4301073132,2025-09-19,True
FPGA,AMD,2026 Masters Compiler Engineering Co-Op/Intern,"Longmont, CO",https://www.linkedin.com/jobs/view/4301056995,2025-09-19,True
FPGA,AMD,2026 Masters Compiler Engineering Co-op/Intern,"San Jose, CA",https://www.linkedin.com/jobs/view/4301061356,2025-09-19,True
FPGA,AMD,2026 Masters Compiler Engineering Co-Op/Intern,"Austin, TX",https://www.linkedin.com/jobs/view/4301076076,2025-09-19,True
FPGA,AMD,2026 Masters Compiler Engineering Co-Op/Intern,"Boxborough, MA",https://www.linkedin.com/jobs/view/4301055955,2025-09-19,True
FPGA,AMD,2026 PhD Compiler Engineering Co-op/Intern,"Santa Clara, CA",https://www.linkedin.com/jobs/view/4301069191,2025-09-19,True
Semiconductors,Skyworks Solutions,RF Module Design Summer/Fall Co-Op,"Newbury Park, CA, US",https://www.indeed.com/viewjob?jk=1791a4a876f8851e,2025-09-21,True
Semiconductors,Applied Materials,Manufacturing Engineering Intern (Austin),"Austin, TX, US",https://www.indeed.com/viewjob?jk=0fa4b3d2836adecf,2025-09-21,True
Semiconductors,Skyworks Solutions,RF Design Co-Op (Jan '26 - June '26),"Irvine, CA, US",https://www.indeed.com/viewjob?jk=895cf6d082b0b07c,2025-09-20,True
Semiconductors,Skyworks Solutions,RF Module Design Co-op (Summer/Fall 2026),"Greensboro, NC, US",https://www.indeed.com/viewjob?jk=74ee339a52ab44e6,2025-09-20,True
Semiconductors,Skyworks Solutions,RF IC Design Co-Op (Jan '26 - June '26),"Irvine, CA, US",https://www.indeed.com/viewjob?jk=1f36a2544eddb892,2025-09-20,True
Semiconductors,Skyworks Solutions,RF Validation Engineer Summer Intern,"Greensboro, NC, US",https://www.indeed.com/viewjob?jk=05c664e64e065b82,2025-09-20,True
Semiconductors,Skyworks Solutions,AI Engineering Summer/Fall Co-Op (June '26 - Dec '26),"Woburn, MA, US",https://www.indeed.com/viewjob?jk=cfd5bd86130ee190,2025-09-20,True
Semiconductors,Skyworks Solutions,Co-Op - Quality Systems,"Newbury Park, CA, US",https://www.indeed.com/viewjob?jk=68d274cc8331fab7,2025-09-20,True
Semiconductors,Keysight Technologies,Software Developer Intern,"Santa Rosa, CA, US",https://www.indeed.com/viewjob?jk=fe69a8f8feaa695e,2025-09-19,True
Semiconductors,Panasonic,Manufacturing Engineering Intern,"De Soto, KS, US",https://www.indeed.com/viewjob?jk=7bbc98bc37da4664,2025-09-05,True
Semiconductors,Keysight Technologies,Software Developer Intern,"Santa Rosa, CA",https://www.linkedin.com/jobs/view/4301409970,2025-09-20,True
Semiconductors,Keysight Technologies,R&D Intern,"Calabasas, CA",https://www.linkedin.com/jobs/view/4301422715,2025-09-20,True
Semiconductors,Keysight Technologies,R&D Software Engineer Internship,"Santa Rosa, CA",https://www.linkedin.com/jobs/view/4301427544,2025-09-20,True
Semiconductors,Keysight Technologies,Application Development Intern,"Santa Rosa, CA",https://www.linkedin.com/jobs/view/4301419819,2025-09-20,True
Semiconductors,MACOM,Supply Chain Analytics Intern,"Lowell, MA",https://www.linkedin.com/jobs/view/4303239081,2025-09-19,True
Semiconductors,MACOM,Semiconductor Process Engineering Intern,"Lowell, MA",https://www.linkedin.com/jobs/view/4303242072,2025-09-19,True
Semiconductors,MACOM,Semiconductor Reliability Intern,"Lowell, MA",https://www.linkedin.com/jobs/view/4303239080,2025-09-19,True
Semiconductors,MACOM,Semiconductor Device Engineering Intern,"Lowell, MA",https://www.linkedin.com/jobs/view/4303228232,2025-09-19,True
Semiconductors,MACOM,Electrical Engineering Intern,"Northampton, MA",https://www.linkedin.com/jobs/view/4303057919,2025-09-19,True
Semiconductors,Lam Research,AI/ML Intern - Summer 2026,"Tualatin, OR",https://www.linkedin.com/jobs/view/4302786343,2025-09-19,True
Semiconductors,MACOM,Microwave and RF Application Engineering Intern,"Lowell, MA",https://www.linkedin.com/jobs/view/4303063858,2025-09-19,True
Semiconductors,Marvell Technology,Software Engineer Intern - Master's Degree,"Santa Clara, CA",https://www.linkedin.com/jobs/view/4301417717,2025-09-19,True
Semiconductors,MACOM,RF Engineering Intern - R&D,"Lowell, MA",https://www.linkedin.com/jobs/view/4303229224,2025-09-19,True
Semiconductors,Voltai,Software Engineer (Intern),"Palo Alto, CA",https://www.linkedin.com/jobs/view/4303905575,2025-09-22,True
Semiconductors,IBM,Intern 2026: CMOS Circuit Design Intern – Quantum Computing Applications,"Yorktown Heights, NY",https://www.linkedin.com/jobs/view/4301406844,2025-09-19,True
Semiconductors,IBM,Intern 2026: CMOS Circuit Design Intern – Quantum Computing Applications,"Albany, NY",https://www.linkedin.com/jobs/view/4301419604,2025-09-19,True
Semiconductors,IBM,Intern 2026: CMOS Circuit Design Intern – Quantum Computing Applications,"San Jose, CA",https://www.linkedin.com/jobs/view/4301413722,2025-09-19,True
Semiconductors,Garmin,Design Engineering Intern - Electrical,"Tulsa, OK, US",https://www.indeed.com/viewjob?jk=b53a1952a3067c96,2025-09-19,True
Semiconductors,AMD,2026 Masters Compiler Engineering Co-Op/Intern,"Austin, TX, US",https://www.indeed.com/viewjob?jk=31e488bbd147ccfa,2025-09-19,True
Semiconductors,AMD,2026 PhD Compiler Engineering Co-op/Intern,"Santa Clara, CA, US",https://www.indeed.com/viewjob?jk=8d0d25004b54db2a,2025-09-19,True
Semiconductors,AMD,2026 Masters Compiler Engineering Co-op/Intern,"Santa Clara, CA, US",https://www.indeed.com/viewjob?jk=8ecf6cdf5835069c,2025-09-19,True
Semiconductors,Garmin,Design Engineering Intern - Electrical,"Tulsa, OK",https://www.linkedin.com/jobs/view/4303251262,2025-09-20,True
Semiconductors,AMD,2026 Masters Compiler Engineering Co-Op/Intern,"Fort Collins, CO",https://www.linkedin.com/jobs/view/4301060339,2025-09-19,True
Semiconductors,AMD,2026 PhD Compiler Engineering Co-op/Intern,"San Jose, CA",https://www.linkedin.com/jobs/view/4301070135,2025-09-19,True
Semiconductors,Skyworks Solutions,Product Engineering Co-Op (Winter/Spring 2026),"Irvine, CA, US",https://www.indeed.com/viewjob?jk=4b5c2033d84fd71e,2025-09-19,True
Semiconductors,GlobalFoundries,Application Engineering Intern (Summer 2026),"Santa Clara, CA, US",https://www.indeed.com/viewjob?jk=2b941e8fd059ee91,2025-09-19,True
Semiconductors,"Skyworks Solutions, Inc.",Analog/Mixed-signal IC Design Co-Op (June '26-Dec '26),"Austin, TX",https://www.linkedin.com/jobs/view/4281976169,2025-09-19,True
Semiconductors,GlobalFoundries,IP & Design Engineering Intern (Summer 2026),"Richardson, TX",https://www.linkedin.com/jobs/view/4303020024,2025-09-19,True
Semiconductors,GlobalFoundries,Application Engineering Intern (Summer 2026),"Santa Clara, CA",https://www.linkedin.com/jobs/view/4303228804,2025-09-20,True
Semiconductors,Meta,"Research Scientist Intern, Anisotropic Optics and Photonics (PhD)","Redmond, WA",https://www.linkedin.com/jobs/view/4291188748,2025-09-20,True
Semiconductors,MediaTek,2025 Intern-RF/Analog/Mixed-Signal and Wireless Communication,"West Lafayette, IN",https://www.linkedin.com/jobs/view/4303116635,2025-09-19,True
Semiconductors,Marvell Technology,IC Application Engineer Intern - Masters Degree,"Santa Clara, CA",https://www.linkedin.com/jobs/view/4301086972,2025-09-19,True
Semiconductors,"Skyworks Solutions, Inc.",RF Validation Engineer Summer/Fall Co-Op,"Andover, MA",https://www.linkedin.com/jobs/view/4292422521,2025-09-19,True
Software Engineering,BENCO CONSTRUCTION,"Estimator - Charlotte, NC or Atlanta, GA","Atlanta, GA, US",https://www.indeed.com/viewjob?jk=33acff032e6dd9f3,2025-09-22,True
Software Engineering,BENCO CONSTRUCTION,"Estimator - Charlotte, NC or Atlanta, GA","Charlotte, NC, US",https://www.indeed.com/viewjob?jk=e8fd888035ffa617,2025-09-22,True
Software Engineering,GE HealthCare,IT Internship - i.c. Stars,"Waukesha, WI, US",https://www.indeed.com/viewjob?jk=857d5ef34582e515,2025-09-22,True
Software Engineering,Boston Scientific,AIS R&D Firmware Engineer Intern,"Arden Hills, MN, US",https://www.indeed.com/viewjob?jk=4dcbcd8b846be49f,2025-09-21,True
Software Engineering,"U.S. Venture, Inc.",Software Development Intern - Breakthrough,"Green Bay, WI, US",https://www.indeed.com/viewjob?jk=902650341373a231,2025-09-21,True
Software Engineering,"U.S. Venture, Inc.",Solution Development (Software Development) Intern - Breakthrough,"Green Bay, WI, US",https://www.indeed.com/viewjob?jk=918f3ac0cbc9c4dd,2025-09-21,True
Software Engineering,Amazon.com,"Amazon Robotics - 2026 Supply Chain Intern/Co-op, Robotics Supply Chain","Westborough, MA, US",https://www.indeed.com/viewjob?jk=bc0a2bb7b776eb19,2025-09-19,True
Software Engineering,Boston Scientific,Urology R&D Intern- Summer 2026,"Arden Hills, MN, US",https://www.indeed.com/viewjob?jk=11d86682c5e1c656,2025-09-18,True
Software Engineering,Boston Scientific,Equipment Engineering Mechanical Engineer Intern 2026,"Maple Grove, MN, US",https://www.indeed.com/viewjob?jk=c7a3c71c4c2c04a7,2025-09-05,True
Software Engineering,Boston Scientific,Equipment Engineering Controls Engineer Intern 2026,"Maple Grove, MN, US",https://www.indeed.com/viewjob?jk=5fd01a286ee63d9a,2025-08-08,True
Software Engineering,Notion,Software Engineer Intern (Summer 2026),"New York, NY",https://www.linkedin.com/jobs/view/4282333781,2025-09-20,True
Software Engineering,Notion,Software Engineer Intern (Summer 2026),"San Francisco, CA",https://www.linkedin.com/jobs/view/4282336464,2025-09-20,True
Software Engineering,Notion,Software Engineer Intern (Winter 2026),"San Francisco, CA",https://www.linkedin.com/jobs/view/4282340038,2025-09-20,True
Software Engineering,Lensa,Software Engineer Internship (Summer 2026 - Remote),"Atlanta, GA",https://www.linkedin.com/jobs/view/4303284752,2025-09-20,True
Software Engineering,Red Hat,Software Engineer Intern,"Boston, MA",https://www.linkedin.com/jobs/view/4292692705,2025-09-20,True
Software Engineering,Red Hat,Software Engineer Intern,"Lowell, MA",https://www.linkedin.com/jobs/view/4292695614,2025-09-20,True
Software Engineering,Notion,"Software Engineer, Mobile Intern (Summer 2026)","New York, NY",https://www.linkedin.com/jobs/view/4282336459,2025-09-20,True
Software Engineering,Red Hat,Software Engineer Intern,"Raleigh, NC",https://www.linkedin.com/jobs/view/4292692712,2025-09-20,True
Software Engineering,The Home Depot,Software Engineer Internship (Summer 2026 - Remote),"Atlanta, GA",https://www.linkedin.com/jobs/view/4301960999,2025-09-19,True
Software Engineering,"ThermoAnalytics, Inc.",Software Development Interns,"Novi, MI",https://www.linkedin.com/jobs/view/4302735494,2025-09-19,True
Software Engineering,Universal Orlando Resort,Internship – Software Engineer (Web) (Summer 2026),"Orlando, FL",https://www.linkedin.com/jobs/view/4302498555,2025-09-19,True
Software Engineering,Notion,Software Engineer Intern (Winter 2026),"New York, NY",https://www.linkedin.com/jobs/view/4282339381,2025-09-22,True
Software Engineering,Westwood Professional Services,Transmission and Distribution Internship – Power Division (Land Survey),"Baxter, MN, US",https://www.indeed.com/viewjob?jk=d474a515da05f917,2025-09-21,True
Software Engineering,Westwood Professional Services,"Transmission and Distribution Internship – Power Division (Land Survey or Civil, Electrical or Mechanical Engineer)","Overland Park, KS, US",https://www.indeed.com/viewjob?jk=b8b3713a55ffbd51,2025-09-21,True
Software Engineering,Westwood Professional Services,Transmission and Distribution Internship – Power Division (Land Survey),"Austin, TX, US",https://www.indeed.com/viewjob?jk=1fd62d0dc998ee7e,2025-09-21,True
Software Engineering,Amazon.com,"Amazon Robotics - 2026 Process Engineer Intern/Co-op, Robotics Manufacturing and Technical Operations","Westborough, MA, US",https://www.indeed.com/viewjob?jk=109c51799975f75f,2025-09-19,True
Software Engineering,Amazon.com,"Amazon Robotics - 2026 Process Engineer Intern/Co-op, Robotics Manufacturing and Technical Operations","North Reading, MA, US",https://www.indeed.com/viewjob?jk=1cf8828817e72cdd,2025-09-19,True
Software Engineering,Amazon.com,"Amazon Robotics - 2026 Industrial Engineer Intern/Co-op, Robotics Manufacturing and Technical Operations","Westborough, MA, US",https://www.indeed.com/viewjob?jk=217bbe898cdb86d7,2025-09-19,True
Software Engineering,Amazon.com,"Amazon Robotics - 2026 Industrial Engineer Intern/Co-op, Robotics Manufacturing and Technical Operations","North Reading, MA, US",https://www.indeed.com/viewjob?jk=4d1a8330cf3aa7b9,2025-09-19,True
Software Engineering,Boston Scientific,AIS R&D Leads Sustaining Engineer Intern,"Arden Hills, MN, US",https://www.indeed.com/viewjob?jk=1b519492ddb72593,2025-08-07,True
Software Engineering,Boston Scientific,AIS R&D Hardware Engineer Intern 2026 (ME/BME),US,https://www.indeed.com/viewjob?jk=359d5d400419ca95,2025-09-21,True
Software Engineering,Boston Scientific,AIS R&D Hardware Engineer Intern 2026 (EE),US,https://www.indeed.com/viewjob?jk=fbf166047cf0d7ed,2025-08-08,True
Software Engineering,Lensa,Summer 2026 Front End Engineering Intern,"Atlanta, GA",https://www.linkedin.com/jobs/view/4303573224,2025-09-21,True
Software Engineering,Honeywell,"Information Systems, IT, Cyber Engineer & Data Science - Summer 2026 Intern",,https://www.linkedin.com/jobs/view/4293210006,2025-09-20,True
Software Engineering,Honeywell,"Information Systems, IT, Cyber Engineer & Data Science - Summer 2026 Intern (US Person Required)",,https://www.linkedin.com/jobs/view/4292999962,2025-09-20,True
Software Engineering,Motorola Solutions,System Engineer Internship 2026,"Illinois, United States",https://www.linkedin.com/jobs/view/4293013229,2025-09-20,True
Software Engineering,Honeywell,Systems Engineering - Summer 2026 Intern,,https://www.linkedin.com/jobs/view/4293205333,2025-09-20,True
Software Engineering,Honeywell,Systems Engineering - Summer 2026 Intern (US Person Required),,https://www.linkedin.com/jobs/view/4293208201,2025-09-20,True
Software Engineering,myGwork - LGBTQ+ Business Community,"Amazon Robotics - 2026 Robotics Systems Engineer Intern/Co-op, Robotics Deployment Engineering","North Reading, MA",https://www.linkedin.com/jobs/view/4301818656,2025-09-20,True
Software Engineering,SingleStore,"Software Engineer, Intern & New Grad","Seattle, WA",https://www.linkedin.com/jobs/view/4303118380,2025-09-19,True
Software Engineering,Molex,Molex Digital Internship Program- Summer 2026,"Lisle, IL",https://www.linkedin.com/jobs/view/4291106490,2025-09-19,True
Software Engineering,Dawn Foods Global,Network Engineer Intern,"Jackson, MI",https://www.linkedin.com/jobs/view/4301417536,2025-09-19,True
Software Engineering,Constellation,"2026 Strategic/Systems Engineering Internship - Ginna, Ontario","Ontario, NY",https://www.linkedin.com/jobs/view/4302789813,2025-09-19,True
Software Engineering,Anheuser-Busch,University Intern - Technology,"St Louis, MO",https://www.linkedin.com/jobs/view/4292593277,2025-09-19,True
Software Engineering,Ipsos,"Research Analyst, Market Strategy & Understanding","Chicago, IL, US",https://www.indeed.com/viewjob?jk=5d74a5f3e53f2d54,2025-09-22,True
Software Engineering,Ipsos,"Senior Research Analyst, Market Strategy & Understanding","Chicago, IL, US",https://www.indeed.com/viewjob?jk=07fadf8d56d91511,2025-09-22,True
Software Engineering,United Nations,Communications Intern (STAP),"Washington, DC, US",https://www.indeed.com/viewjob?jk=441c86d10c86f8a7,2025-09-21,True
Software Engineering,Marathon Petroleum Corporation,Intern/Co-op - Information Technology (Summer 2026),"Findlay, OH",https://www.linkedin.com/jobs/view/4292967623,2025-09-20,True
Software Engineering,Marathon Petroleum Corporation,Intern/Co-op - Information Technology (Summer 2026),"San Antonio, TX",https://www.linkedin.com/jobs/view/4292968536,2025-09-20,True
Software Engineering,Collins Aerospace,Software Engineering Co-Op (Spring/Summer 2026) (Onsite),"Cedar Rapids, IA",https://www.linkedin.com/jobs/view/4303239116,2025-09-19,True
Software Engineering,Sierra Nevada Corporation,Software Engineer Intern - Summer 2026 (For SNC Summer 2025 Interns Only),"Bend, OR",https://www.linkedin.com/jobs/view/4303244252,2025-09-19,True
Embedded Systems,BorgWarner,Electronics Hardware Design Intern,"Kokomo, IN, US",https://www.indeed.com/viewjob?jk=ab440198e4214d13,2025-09-20,True
Embedded Systems,Boeing,Boeing Artificial Intelligence - Graduate Researcher Program – Artificial Intelligence Intern,"Huntsville, AL, US",https://www.indeed.com/viewjob?jk=ff4f49f2df36be4c,2025-09-19,True
Embedded Systems,York Space Systems,Software Engineer Intern,"Greenwood Village, CO, US",https://www.indeed.com/viewjob?jk=103809a349253a7b,2025-09-19,True
Embedded Systems,Toyota Research Institute,"Robotics Intern - Mobile Manipulation, Behaviors","Los Altos, CA, US",https://www.indeed.com/viewjob?jk=78abbc3548f414c7,2025-09-19,True
Embedded Systems,Micron Technology,Intern - SSD Firmware,"San Jose, CA, US",https://www.indeed.com/viewjob?jk=3dae9c349bdbff42,2025-09-18,True
Embedded Systems,Hussmann,Intern - Controls Engineering,"Suwanee, GA, US",https://www.indeed.com/viewjob?jk=b6a73979b2b82be6,2025-09-12,True
Embedded Systems,Panasonic,Controls-Vision Engineering Intern,"Sparks, NV, US",https://www.indeed.com/viewjob?jk=95b46deef0108848,2025-09-02,True
Embedded Systems,Lensa,Graduate Software Engineering Intern,"Round Rock, TX",https://www.linkedin.com/jobs/view/4303564940,2025-09-21,True
Embedded Systems,York Space Systems LLC,Software Engineer Intern,"Greenwood Village, CO",https://www.linkedin.com/jobs/view/4301408413,2025-09-19,True
Embedded Systems,The Toro Company,Robotics Engineering Intern - The Toro Company,"Hennepin County, MN",https://www.linkedin.com/jobs/view/4303050093,2025-09-19,True
Embedded Systems,"WAYNE METALS, LLC",IT Intern,"Markle, IN",https://www.linkedin.com/jobs/view/4303068015,2025-09-19,True
Embedded Systems,Cirrus Logic,"Summer Intern, Embedded Software Engineer","Austin, TX",https://www.linkedin.com/jobs/view/4292462160,2025-09-19,True
Embedded Systems,AMD,2026 Undergraduate Software Engineering Intern/Co-op,"Santa Clara, CA",https://www.linkedin.com/jobs/view/4301076074,2025-09-19,True
Embedded Systems,Seagate Technology,Firmware Engineer/Research Intern Summer 2026,"Shakopee, MN",https://www.linkedin.com/jobs/view/4299226072,2025-09-22,True
Embedded Systems,GenBio AI,Research Engineer Intern,"Palo Alto, CA",https://www.linkedin.com/jobs/view/4303952409,2025-09-22,True
Embedded Systems,MITRE,Internships in Electrical or Computer Engineering,"Shrewsbury, NJ",https://www.linkedin.com/jobs/view/4303599877,2025-09-22,True
Embedded Systems,Keysight Technologies,Engineering Intern,"Santa Rosa, CA, US",https://www.indeed.com/viewjob?jk=f188bc2e45e17207,2025-09-19,True
Embedded Systems,Veranex,Software Engineer Intern,"Raleigh, NC, US",https://www.indeed.com/viewjob?jk=09462396c49fcd64,2025-09-19,True
Embedded Systems,Notion,"Software Engineer, Mobile Intern (Summer 2026)","San Francisco, CA",https://www.linkedin.com/jobs/view/4282339382,2025-09-20,True
Embedded Systems,Notion,"Software Engineer, Mobile Intern (Winter 2026)","San Francisco, CA",https://www.linkedin.com/jobs/view/4282336458,2025-09-20,True
Embedded Systems,Notion,"Software Engineer, Mobile Intern (Winter 2026)","New York, NY",https://www.linkedin.com/jobs/view/4282340039,2025-09-22,True
Embedded Systems,Verkada,Technical Support Engineering Intern - Spring 2026,"San Mateo, CA",https://www.linkedin.com/jobs/view/4281444109,2025-09-19,True
Embedded Systems,Allegion,Summer Intern - Software Engineering - Platform Software,"Golden, CO",https://www.linkedin.com/jobs/view/4302579002,2025-09-22,True
AI,Lensa,NVIDIA 2026 Internships: Hardware ASIC Design - US,"Santa Clara, CA",https://www.linkedin.com/jobs/view/4303944810,2025-09-22,TRUE
AI,Lensa,Systems Integration Test Engineer Intern (Software) - Summer 2026,"Sunnyvale, CA",https://www.linkedin.com/jobs/view/4303943773,2025-09-22,TRUE
AI,Lensa,2026 Intern: Research Scientist - AI-powered Automation,"San Jose, CA",https://www.linkedin.com/jobs/view/4303943758,2025-09-22,TRUE
AI,Lensa,Supply Chain Intern - Engineering- 2026,,https://www.linkedin.com/jobs/view/4303959585,2025-09-22,TRUE
AI,Lensa,Internship - 2026 Undergraduate and Master's Research & Development Intern,"St Paul, MN",https://www.linkedin.com/jobs/view/4303947742,2025-09-22,TRUE
Software Engineering,Lensa,"Software Engineer, Intern/Co-op","New York, NY",https://www.linkedin.com/jobs/view/4303937944,2025-09-22,TRUE
Software Engineering,Lensa,Network Engineer Intern,"New York, NY",https://www.linkedin.com/jobs/view/4303947751,2025-09-22,TRUE
Software Engineering,Lensa,Summer 2026 Backend Engineering Intern,"New York, NY",https://www.linkedin.com/jobs/view/4303941766,2025-09-22,TRUE
Software Engineering,Lensa,Summer 2026 Backend Engineering Intern,"San Diego, CA",https://www.linkedin.com/jobs/view/4303954664,2025-09-22,TRUE
